Algoritmo;Tempo
memo;1.415384615384615e-05
no_memo;1.3692307692307694e-05
